gene_id_entrez,chrom,start,end,mean_methylation,mean_expression
100500912,chr8,1799282,1799283,0,0.00826086956521739
100500912,chr8,1799283,1799284,0,0.00826086956521739
100500912,chr8,1799503,1799504,100,0.00826086956521739
100500912,chr8,1799504,1799505,100,0.00826086956521739
100500912,chr8,1799547,1799548,63,0.00826086956521739
100500912,chr8,1799548,1799549,47,0.00826086956521739
100500912,chr8,1799732,1799733,11,0.00826086956521739
100500912,chr8,1799733,1799734,8,0.00826086956521739
100500912,chr8,1799846,1799847,88,0.00826086956521739
100500912,chr8,1799847,1799848,100,0.00826086956521739
100500912,chr8,1799857,1799858,100,0.00826086956521739
100500912,chr8,1799858,1799859,100,0.00826086956521739
100500912,chr8,1799889,1799890,100,0.00826086956521739
100500912,chr8,1799890,1799891,73,0.00826086956521739
100500912,chr8,1799951,1799952,0,0.00826086956521739
100500912,chr8,1799952,1799953,6,0.00826086956521739
100500912,chr8,1800104,1800105,4,0.00826086956521739
100500912,chr8,1800105,1800106,0,0.00826086956521739
100500912,chr8,1800286,1800287,44,0.00826086956521739
100500912,chr8,1800287,1800288,44,0.00826086956521739
100500912,chr8,1800294,1800295,28,0.00826086956521739
100500912,chr8,1800295,1800296,28,0.00826086956521739
100500912,chr8,1800370,1800371,0,0.00826086956521739
100500912,chr8,1800371,1800372,0,0.00826086956521739
100500912,chr8,1800399,1800400,0,0.00826086956521739
100500912,chr8,1800400,1800401,0,0.00826086956521739
100500912,chr8,1800430,1800431,9,0.00826086956521739
100500912,chr8,1800431,1800432,7,0.00826086956521739
100500912,chr8,1800473,1800474,67,0.00826086956521739
100500912,chr8,1800474,1800475,56,0.00826086956521739
100500912,chr8,1800573,1800574,53,0.00826086956521739
100500912,chr8,1800574,1800575,40,0.00826086956521739
100500912,chr8,1800583,1800584,71,0.00826086956521739
100500912,chr8,1800584,1800585,35,0.00826086956521739
100500912,chr8,1800619,1800620,75,0.00826086956521739
100500912,chr8,1800620,1800621,65,0.00826086956521739
100500912,chr8,1800649,1800650,59,0.00826086956521739
100500912,chr8,1800650,1800651,63,0.00826086956521739
100500912,chr8,1800708,1800709,100,0.00826086956521739
100500912,chr8,1800709,1800710,85,0.00826086956521739
100500912,chr8,1800727,1800728,100,0.00826086956521739
100500912,chr8,1800728,1800729,93,0.00826086956521739
100500912,chr8,1800758,1800759,83,0.00826086956521739
100500912,chr8,1800759,1800760,85,0.00826086956521739
100500912,chr8,1800770,1800771,100,0.00826086956521739
100500912,chr8,1800771,1800772,100,0.00826086956521739
100500912,chr8,1800851,1800852,44,0.00826086956521739
100500912,chr8,1800852,1800853,41,0.00826086956521739
100500912,chr8,1800964,1800965,61,0.00826086956521739
100500912,chr8,1800965,1800966,71,0.00826086956521739
100500912,chr8,1800982,1800983,100,0.00826086956521739
100500912,chr8,1800983,1800984,100,0.00826086956521739
100500912,chr8,1801071,1801072,96,0.00826086956521739
100500912,chr8,1801072,1801073,100,0.00826086956521739
100500912,chr8,1801074,1801075,96,0.00826086956521739
100500912,chr8,1801075,1801076,90,0.00826086956521739
100500912,chr8,1801153,1801154,81,0.00826086956521739
100500912,chr8,1801154,1801155,64,0.00826086956521739
100500912,chr8,1801193,1801194,100,0.00826086956521739
100500912,chr8,1801194,1801195,97,0.00826086956521739
100500912,chr8,1801221,1801222,0,0.00826086956521739
100500912,chr8,1801222,1801223,0,0.00826086956521739
100500912,chr8,1801326,1801327,100,0.00826086956521739
100500912,chr8,1801327,1801328,94,0.00826086956521739
100500912,chr8,1801346,1801347,0,0.00826086956521739
100500912,chr8,1801347,1801348,0,0.00826086956521739
102465695,chr8,2074610,2074611,56,0
102465695,chr8,2074611,2074612,100,0
102465695,chr8,2074614,2074615,42,0
102465695,chr8,2074615,2074616,100,0
102465695,chr8,2074673,2074674,45,0
102465695,chr8,2074674,2074675,43,0
102465695,chr8,2074708,2074709,11,0
102465695,chr8,2074709,2074710,63,0
102465695,chr8,2074745,2074746,100,0
102465695,chr8,2074746,2074747,79,0
102465695,chr8,2074747,2074748,94,0
102465695,chr8,2074748,2074749,71,0
102465695,chr8,2074751,2074752,100,0
102465695,chr8,2074752,2074753,86,0
102465695,chr8,2074763,2074764,84,0
102465695,chr8,2074764,2074765,64,0
102465695,chr8,2074879,2074880,64,0
102465695,chr8,2074880,2074881,90,0
102465695,chr8,2074887,2074888,86,0
102465695,chr8,2074888,2074889,90,0
102465695,chr8,2074895,2074896,79,0
102465695,chr8,2074896,2074897,89,0
102465695,chr8,2074919,2074920,94,0
102465695,chr8,2074920,2074921,83,0
102465695,chr8,2074927,2074928,76,0
102465695,chr8,2074928,2074929,82,0
102465695,chr8,2074935,2074936,50,0
102465695,chr8,2074936,2074937,67,0
102465695,chr8,2074946,2074947,94,0
102465695,chr8,2074947,2074948,67,0
102465695,chr8,2074954,2074955,59,0
102465695,chr8,2074955,2074956,67,0
102465695,chr8,2075022,2075023,40,0
102465695,chr8,2075023,2075024,44,0
102465695,chr8,2075143,2075144,38,0
102465695,chr8,2075144,2075145,14,0
102465695,chr8,2075170,2075171,13,0
102465695,chr8,2075171,2075172,0,0
102465695,chr8,2075186,2075187,0,0
102465695,chr8,2075187,2075188,0,0
102465695,chr8,2075210,2075211,14,0
102465695,chr8,2075211,2075212,0,0
102465695,chr8,2075236,2075237,0,0
102465695,chr8,2075237,2075238,0,0
102465695,chr8,2075240,2075241,22,0
102465695,chr8,2075241,2075242,0,0
102465695,chr8,2075256,2075257,14,0
102465695,chr8,2075257,2075258,0,0
102465695,chr8,2075289,2075290,89,0
102465695,chr8,2075290,2075291,31,0
102465695,chr8,2075318,2075319,0,0
102465695,chr8,2075319,2075320,0,0
102465695,chr8,2075328,2075329,0,0
102465695,chr8,2075329,2075330,0,0
102465695,chr8,2075397,2075398,0,0
102465695,chr8,2075398,2075399,0,0
102465695,chr8,2075520,2075521,37,0
102465695,chr8,2075521,2075522,38,0
102465695,chr8,2075669,2075670,67,0
102465695,chr8,2075670,2075671,46,0
102465695,chr8,2075710,2075711,71,0
102465695,chr8,2075711,2075712,100,0
102465695,chr8,2075724,2075725,75,0
102465695,chr8,2075725,2075726,97,0
102465695,chr8,2075816,2075817,74,0
102465695,chr8,2075817,2075818,67,0
102465695,chr8,2075832,2075833,45,0
102465695,chr8,2075833,2075834,64,0
102465695,chr8,2075837,2075838,97,0
102465695,chr8,2075838,2075839,95,0
102465695,chr8,2075893,2075894,64,0
102465695,chr8,2075894,2075895,52,0
102465695,chr8,2075983,2075984,4,0
102465695,chr8,2075984,2075985,21,0
102465695,chr8,2076112,2076113,57,0
102465695,chr8,2076113,2076114,36,0
102465695,chr8,2076149,2076150,63,0
102465695,chr8,2076150,2076151,15,0
102465695,chr8,2076168,2076169,88,0
102465695,chr8,2076169,2076170,77,0
102465695,chr8,2076195,2076196,78,0
102465695,chr8,2076196,2076197,81,0
102465695,chr8,2076198,2076199,50,0
102465695,chr8,2076199,2076200,88,0
102465695,chr8,2076205,2076206,60,0
102465695,chr8,2076206,2076207,100,0
102465695,chr8,2076213,2076214,64,0
102465695,chr8,2076214,2076215,87,0
102465695,chr8,2076219,2076220,64,0
102465695,chr8,2076220,2076221,100,0
102465695,chr8,2076233,2076234,58,0
102465695,chr8,2076234,2076235,94,0
102465695,chr8,2076258,2076259,85,0
102465695,chr8,2076259,2076260,100,0
102465695,chr8,2076280,2076281,100,0
102465695,chr8,2076281,2076282,100,0
102465695,chr8,2076287,2076288,92,0
102465695,chr8,2076288,2076289,100,0
102465695,chr8,2076302,2076303,100,0
102465695,chr8,2076303,2076304,92,0
102465695,chr8,2076314,2076315,100,0
102465695,chr8,2076315,2076316,84,0
102465695,chr8,2076319,2076320,100,0
102465695,chr8,2076320,2076321,100,0
102465695,chr8,2076375,2076376,79,0
102465695,chr8,2076376,2076377,86,0
102465695,chr8,2076451,2076452,33,0
102465695,chr8,2076452,2076453,83,0
102465695,chr8,2076513,2076514,22,0
102465695,chr8,2076514,2076515,24,0
102465695,chr8,2076551,2076552,33,0
102465695,chr8,2076552,2076553,47,0
102465695,chr8,2076575,2076576,65,0
102465695,chr8,2076576,2076577,54,0
102465695,chr8,2076577,2076578,71,0
102465695,chr8,2076578,2076579,50,0
102465695,chr8,2076598,2076599,92,0
102465695,chr8,2076599,2076600,100,0
102465695,chr8,2076610,2076611,75,0
102465695,chr8,2076611,2076612,100,0
102465695,chr8,2076615,2076616,88,0
102465695,chr8,2076616,2076617,100,0
102465695,chr8,2076685,2076686,80,0
102465695,chr8,2076686,2076687,57,0
102465695,chr8,2076780,2076781,33,0
102465695,chr8,2076781,2076782,47,0
102465695,chr8,2076828,2076829,25,0
102465695,chr8,2076829,2076830,36,0
102465695,chr8,2076864,2076865,77,0
102465695,chr8,2076865,2076866,82,0
102465695,chr8,2076878,2076879,90,0
102465695,chr8,2076879,2076880,90,0
157693,chr8,383697,383698,79,3.018823529411765
157693,chr8,383698,383699,72,3.018823529411765
157693,chr8,383829,383830,43,3.018823529411765
157693,chr8,383830,383831,33,3.018823529411765
157693,chr8,384025,384026,72,3.018823529411765
157693,chr8,384026,384027,52,3.018823529411765
157693,chr8,384070,384071,12,3.018823529411765
157693,chr8,384071,384072,0,3.018823529411765
157693,chr8,384078,384079,24,3.018823529411765
157693,chr8,384079,384080,33,3.018823529411765
157693,chr8,384114,384115,96,3.018823529411765
157693,chr8,384115,384116,71,3.018823529411765
157693,chr8,384139,384140,18,3.018823529411765
157693,chr8,384140,384141,37,3.018823529411765
157693,chr8,384161,384162,7,3.018823529411765
157693,chr8,384162,384163,14,3.018823529411765
157693,chr8,384208,384209,93,3.018823529411765
157693,chr8,384209,384210,79,3.018823529411765
157693,chr8,384230,384231,45,3.018823529411765
157693,chr8,384231,384232,45,3.018823529411765
157693,chr8,384260,384261,41,3.018823529411765
157693,chr8,384261,384262,41,3.018823529411765
157693,chr8,384272,384273,81,3.018823529411765
157693,chr8,384273,384274,52,3.018823529411765
157693,chr8,384283,384284,58,3.018823529411765
157693,chr8,384284,384285,29,3.018823529411765
157693,chr8,384306,384307,52,3.018823529411765
157693,chr8,384307,384308,19,3.018823529411765
157693,chr8,384345,384346,54,3.018823529411765
157693,chr8,384346,384347,39,3.018823529411765
157693,chr8,384525,384526,11,3.018823529411765
157693,chr8,384526,384527,52,3.018823529411765
157693,chr8,384724,384725,57,3.018823529411765
157693,chr8,384725,384726,67,3.018823529411765
157693,chr8,384773,384774,40,3.018823529411765
157693,chr8,384774,384775,100,3.018823529411765
157693,chr8,384779,384780,32,3.018823529411765
157693,chr8,384780,384781,80,3.018823529411765
157693,chr8,384821,384822,35,3.018823529411765
157693,chr8,384822,384823,53,3.018823529411765
157693,chr8,384902,384903,58,3.018823529411765
157693,chr8,384903,384904,46,3.018823529411765
157693,chr8,384984,384985,17,3.018823529411765
157693,chr8,384985,384986,26,3.018823529411765
157693,chr8,385012,385013,14,3.018823529411765
157693,chr8,385013,385014,31,3.018823529411765
157693,chr8,385046,385047,0,3.018823529411765
157693,chr8,385047,385048,22,3.018823529411765
157693,chr8,385074,385075,84,3.018823529411765
157693,chr8,385075,385076,44,3.018823529411765
157693,chr8,385088,385089,53,3.018823529411765
157693,chr8,385089,385090,25,3.018823529411765
157693,chr8,385123,385124,33,3.018823529411765
157693,chr8,385124,385125,75,3.018823529411765
157693,chr8,385125,385126,87,3.018823529411765
157693,chr8,385126,385127,92,3.018823529411765
157693,chr8,385199,385200,45,3.018823529411765
157693,chr8,385200,385201,30,3.018823529411765
157693,chr8,385219,385220,27,3.018823529411765
157693,chr8,385220,385221,12,3.018823529411765
157693,chr8,385280,385281,33,3.018823529411765
157693,chr8,385281,385282,9,3.018823529411765
157693,chr8,385340,385341,17,3.018823529411765
157693,chr8,385341,385342,18,3.018823529411765
157693,chr8,385352,385353,24,3.018823529411765
157693,chr8,385353,385354,30,3.018823529411765
157693,chr8,385357,385358,17,3.018823529411765
157693,chr8,385358,385359,25,3.018823529411765
157693,chr8,385359,385360,100,3.018823529411765
157693,chr8,385360,385361,92,3.018823529411765
157693,chr8,385379,385380,90,3.018823529411765
157693,chr8,385380,385381,100,3.018823529411765
157693,chr8,385425,385426,59,3.018823529411765
157693,chr8,385426,385427,80,3.018823529411765
157693,chr8,385491,385492,71,3.018823529411765
157693,chr8,385492,385493,20,3.018823529411765
157693,chr8,385507,385508,100,3.018823529411765
157693,chr8,385508,385509,50,3.018823529411765
157693,chr8,385521,385522,94,3.018823529411765
157693,chr8,385522,385523,75,3.018823529411765
157693,chr8,385542,385543,100,3.018823529411765
157693,chr8,385543,385544,83,3.018823529411765
157693,chr8,385562,385563,100,3.018823529411765
157693,chr8,385563,385564,78,3.018823529411765
157693,chr8,385572,385573,100,3.018823529411765
157693,chr8,385573,385574,100,3.018823529411765
157693,chr8,385575,385576,83,3.018823529411765
157693,chr8,385576,385577,82,3.018823529411765
157693,chr8,385617,385618,67,3.018823529411765
157693,chr8,385618,385619,82,3.018823529411765
157693,chr8,385625,385626,88,3.018823529411765
157693,chr8,385626,385627,56,3.018823529411765
157693,chr8,385673,385674,35,3.018823529411765
157693,chr8,385674,385675,39,3.018823529411765
157693,chr8,385676,385677,52,3.018823529411765
157693,chr8,385677,385678,52,3.018823529411765
157693,chr8,385692,385693,73,3.018823529411765
157693,chr8,385693,385694,57,3.018823529411765
157693,chr8,385871,385872,83,3.018823529411765
157693,chr8,385872,385873,87,3.018823529411765
157693,chr8,385897,385898,76,3.018823529411765
157693,chr8,385898,385899,87,3.018823529411765
157693,chr8,385948,385949,60,3.018823529411765
157693,chr8,385949,385950,32,3.018823529411765
157693,chr8,385951,385952,44,3.018823529411765
157693,chr8,385952,385953,47,3.018823529411765
157693,chr8,385971,385972,90,3.018823529411765
157693,chr8,385972,385973,59,3.018823529411765
157693,chr8,385975,385976,70,3.018823529411765
157693,chr8,385976,385977,26,3.018823529411765
157693,chr8,386013,386014,100,3.018823529411765
157693,chr8,386014,386015,95,3.018823529411765
157693,chr8,386024,386025,69,3.018823529411765
157693,chr8,386025,386026,100,3.018823529411765
157693,chr8,386041,386042,78,3.018823529411765
157693,chr8,386042,386043,85,3.018823529411765
157693,chr8,386049,386050,89,3.018823529411765
157693,chr8,386050,386051,100,3.018823529411765
157693,chr8,386070,386071,44,3.018823529411765
157693,chr8,386071,386072,78,3.018823529411765
157695,chr8,545396,545397,0,454.44607843137254
157695,chr8,545397,545398,0,454.44607843137254
157695,chr8,545415,545416,0,454.44607843137254
157695,chr8,545416,545417,0,454.44607843137254
157695,chr8,545418,545419,0,454.44607843137254
157695,chr8,545419,545420,0,454.44607843137254
157695,chr8,545435,545436,0,454.44607843137254
157695,chr8,545436,545437,0,454.44607843137254
157695,chr8,545474,545475,0,454.44607843137254
157695,chr8,545475,545476,0,454.44607843137254
157695,chr8,545481,545482,0,454.44607843137254
157695,chr8,545482,545483,0,454.44607843137254
157695,chr8,545489,545490,0,454.44607843137254
157695,chr8,545490,545491,0,454.44607843137254
157695,chr8,545493,545494,0,454.44607843137254
157695,chr8,545494,545495,0,454.44607843137254
157695,chr8,545497,545498,0,454.44607843137254
157695,chr8,545498,545499,0,454.44607843137254
157695,chr8,545513,545514,0,454.44607843137254
157695,chr8,545514,545515,0,454.44607843137254
157695,chr8,545517,545518,0,454.44607843137254
157695,chr8,545518,545519,0,454.44607843137254
157695,chr8,545523,545524,0,454.44607843137254
157695,chr8,545524,545525,0,454.44607843137254
157695,chr8,545530,545531,0,454.44607843137254
157695,chr8,545531,545532,0,454.44607843137254
157695,chr8,545536,545537,0,454.44607843137254
157695,chr8,545537,545538,0,454.44607843137254
157695,chr8,545538,545539,0,454.44607843137254
157695,chr8,545539,545540,0,454.44607843137254
157695,chr8,545541,545542,0,454.44607843137254
157695,chr8,545542,545543,0,454.44607843137254
157695,chr8,545547,545548,0,454.44607843137254
157695,chr8,545548,545549,0,454.44607843137254
157695,chr8,545556,545557,0,454.44607843137254
157695,chr8,545557,545558,0,454.44607843137254
157695,chr8,545558,545559,17,454.44607843137254
157695,chr8,545559,545560,0,454.44607843137254
157695,chr8,545594,545595,0,454.44607843137254
157695,chr8,545595,545596,0,454.44607843137254
157695,chr8,545596,545597,0,454.44607843137254
157695,chr8,545597,545598,0,454.44607843137254
157695,chr8,545601,545602,0,454.44607843137254
157695,chr8,545602,545603,0,454.44607843137254
157695,chr8,545604,545605,0,454.44607843137254
157695,chr8,545605,545606,0,454.44607843137254
157695,chr8,545618,545619,0,454.44607843137254
157695,chr8,545619,545620,0,454.44607843137254
157695,chr8,545635,545636,0,454.44607843137254
157695,chr8,545636,545637,0,454.44607843137254
157695,chr8,545646,545647,0,454.44607843137254
157695,chr8,545647,545648,0,454.44607843137254
157695,chr8,545649,545650,0,454.44607843137254
157695,chr8,545650,545651,0,454.44607843137254
157695,chr8,545657,545658,0,454.44607843137254
157695,chr8,545658,545659,0,454.44607843137254
157695,chr8,545673,545674,25,454.44607843137254
157695,chr8,545674,545675,0,454.44607843137254
157695,chr8,545676,545677,0,454.44607843137254
157695,chr8,545677,545678,0,454.44607843137254
157695,chr8,545680,545681,0,454.44607843137254
157695,chr8,545681,545682,0,454.44607843137254
157695,chr8,545686,545687,0,454.44607843137254
157695,chr8,545687,545688,0,454.44607843137254
157695,chr8,545688,545689,0,454.44607843137254
157695,chr8,545689,545690,0,454.44607843137254
157695,chr8,545702,545703,20,454.44607843137254
157695,chr8,545703,545704,0,454.44607843137254
157695,chr8,545705,545706,0,454.44607843137254
157695,chr8,545706,545707,0,454.44607843137254
157695,chr8,545718,545719,25,454.44607843137254
157695,chr8,545719,545720,0,454.44607843137254
157695,chr8,545735,545736,0,454.44607843137254
157695,chr8,545736,545737,0,454.44607843137254
157695,chr8,545744,545745,0,454.44607843137254
157695,chr8,545745,545746,0,454.44607843137254
157695,chr8,545759,545760,0,454.44607843137254
157695,chr8,545760,545761,0,454.44607843137254
157695,chr8,545762,545763,0,454.44607843137254
157695,chr8,545763,545764,0,454.44607843137254
157695,chr8,545764,545765,0,454.44607843137254
157695,chr8,545765,545766,0,454.44607843137254
157695,chr8,545770,545771,0,454.44607843137254
157695,chr8,545771,545772,0,454.44607843137254
157695,chr8,545775,545776,0,454.44607843137254
157695,chr8,545776,545777,0,454.44607843137254
157695,chr8,545783,545784,0,454.44607843137254
157695,chr8,545784,545785,0,454.44607843137254
157695,chr8,545786,545787,0,454.44607843137254
157695,chr8,545787,545788,0,454.44607843137254
157695,chr8,545796,545797,0,454.44607843137254
157695,chr8,545797,545798,0,454.44607843137254
157695,chr8,545808,545809,0,454.44607843137254
157695,chr8,545809,545810,0,454.44607843137254
157695,chr8,545816,545817,0,454.44607843137254
157695,chr8,545817,545818,0,454.44607843137254
157695,chr8,545821,545822,0,454.44607843137254
157695,chr8,545822,545823,0,454.44607843137254
157695,chr8,545823,545824,0,454.44607843137254
157695,chr8,545824,545825,0,454.44607843137254
157695,chr8,545843,545844,0,454.44607843137254
157695,chr8,545844,545845,0,454.44607843137254
157695,chr8,545845,545846,0,454.44607843137254
157695,chr8,545846,545847,0,454.44607843137254
157695,chr8,545848,545849,0,454.44607843137254
157695,chr8,545849,545850,0,454.44607843137254
157695,chr8,545871,545872,0,454.44607843137254
157695,chr8,545872,545873,0,454.44607843137254
157695,chr8,545878,545879,0,454.44607843137254
157695,chr8,545879,545880,0,454.44607843137254
157695,chr8,545886,545887,0,454.44607843137254
157695,chr8,545887,545888,0,454.44607843137254
157695,chr8,545888,545889,0,454.44607843137254
157695,chr8,545889,545890,0,454.44607843137254
157695,chr8,545917,545918,0,454.44607843137254
157695,chr8,545918,545919,0,454.44607843137254
157695,chr8,545926,545927,0,454.44607843137254
157695,chr8,545927,545928,0,454.44607843137254
157695,chr8,545952,545953,0,454.44607843137254
157695,chr8,545953,545954,18,454.44607843137254
157695,chr8,545968,545969,0,454.44607843137254
157695,chr8,545969,545970,0,454.44607843137254
157695,chr8,545978,545979,0,454.44607843137254
157695,chr8,545979,545980,0,454.44607843137254
157695,chr8,545981,545982,0,454.44607843137254
157695,chr8,545982,545983,0,454.44607843137254
157695,chr8,545986,545987,0,454.44607843137254
157695,chr8,545987,545988,0,454.44607843137254
157695,chr8,545993,545994,0,454.44607843137254
157695,chr8,545994,545995,0,454.44607843137254
157695,chr8,545999,546000,0,454.44607843137254
157695,chr8,546000,546001,0,454.44607843137254
157695,chr8,546004,546005,0,454.44607843137254
157695,chr8,546005,546006,0,454.44607843137254
157695,chr8,546010,546011,0,454.44607843137254
157695,chr8,546011,546012,0,454.44607843137254
157695,chr8,546012,546013,0,454.44607843137254
157695,chr8,546013,546014,0,454.44607843137254
157695,chr8,546018,546019,0,454.44607843137254
157695,chr8,546019,546020,0,454.44607843137254
157695,chr8,546032,546033,0,454.44607843137254
157695,chr8,546033,546034,0,454.44607843137254
157695,chr8,546036,546037,0,454.44607843137254
157695,chr8,546037,546038,0,454.44607843137254
157695,chr8,546042,546043,0,454.44607843137254
157695,chr8,546043,546044,0,454.44607843137254
157695,chr8,546064,546065,0,454.44607843137254
157695,chr8,546065,546066,0,454.44607843137254
157695,chr8,546066,546067,31,454.44607843137254
157695,chr8,546067,546068,0,454.44607843137254
157695,chr8,546069,546070,0,454.44607843137254
157695,chr8,546070,546071,0,454.44607843137254
157695,chr8,546071,546072,14,454.44607843137254
157695,chr8,546072,546073,0,454.44607843137254
157695,chr8,546076,546077,12,454.44607843137254
157695,chr8,546077,546078,12,454.44607843137254
157695,chr8,546081,546082,6,454.44607843137254
157695,chr8,546082,546083,0,454.44607843137254
157695,chr8,546127,546128,0,454.44607843137254
157695,chr8,546128,546129,0,454.44607843137254
157695,chr8,546180,546181,0,454.44607843137254
157695,chr8,546181,546182,5,454.44607843137254
157695,chr8,546190,546191,3,454.44607843137254
157695,chr8,546191,546192,10,454.44607843137254
157695,chr8,546291,546292,0,454.44607843137254
157695,chr8,546292,546293,20,454.44607843137254
157695,chr8,546303,546304,29,454.44607843137254
157695,chr8,546304,546305,11,454.44607843137254
157695,chr8,546311,546312,29,454.44607843137254
157695,chr8,546312,546313,50,454.44607843137254
157695,chr8,546322,546323,20,454.44607843137254
157695,chr8,546323,546324,63,454.44607843137254
157695,chr8,546326,546327,0,454.44607843137254
157695,chr8,546327,546328,25,454.44607843137254
157695,chr8,546360,546361,0,454.44607843137254
157695,chr8,546361,546362,13,454.44607843137254
157695,chr8,546362,546363,0,454.44607843137254
157695,chr8,546363,546364,11,454.44607843137254
157695,chr8,546367,546368,0,454.44607843137254
157695,chr8,546368,546369,38,454.44607843137254
157695,chr8,546380,546381,0,454.44607843137254
157695,chr8,546381,546382,0,454.44607843137254
157695,chr8,546410,546411,0,454.44607843137254
157695,chr8,546411,546412,0,454.44607843137254
157695,chr8,546439,546440,0,454.44607843137254
157695,chr8,546440,546441,0,454.44607843137254
157695,chr8,546459,546460,100,454.44607843137254
157695,chr8,546460,546461,82,454.44607843137254
157695,chr8,546507,546508,100,454.44607843137254
157695,chr8,546508,546509,100,454.44607843137254
157695,chr8,546514,546515,100,454.44607843137254
157695,chr8,546515,546516,100,454.44607843137254
157695,chr8,546526,546527,86,454.44607843137254
157695,chr8,546527,546528,73,454.44607843137254
157695,chr8,546530,546531,100,454.44607843137254
157695,chr8,546531,546532,100,454.44607843137254
157695,chr8,546541,546542,82,454.44607843137254
157695,chr8,546542,546543,72,454.44607843137254
157695,chr8,546562,546563,85,454.44607843137254
157695,chr8,546563,546564,100,454.44607843137254
157695,chr8,546617,546618,68,454.44607843137254
157695,chr8,546618,546619,52,454.44607843137254
157695,chr8,546738,546739,62,454.44607843137254
157695,chr8,546739,546740,52,454.44607843137254
157695,chr8,546848,546849,44,454.44607843137254
157695,chr8,546849,546850,38,454.44607843137254
157695,chr8,546918,546919,35,454.44607843137254
157695,chr8,546919,546920,73,454.44607843137254
157695,chr8,547178,547179,48,454.44607843137254
157695,chr8,547179,547180,55,454.44607843137254
157695,chr8,547186,547187,58,454.44607843137254
157695,chr8,547187,547188,67,454.44607843137254
157695,chr8,547195,547196,100,454.44607843137254
157695,chr8,547196,547197,91,454.44607843137254
157695,chr8,547236,547237,100,454.44607843137254
157695,chr8,547237,547238,90,454.44607843137254
157695,chr8,547390,547391,38,454.44607843137254
157695,chr8,547391,547392,50,454.44607843137254
157695,chr8,547541,547542,100,454.44607843137254
157695,chr8,547542,547543,100,454.44607843137254
157695,chr8,547705,547706,28,454.44607843137254
157695,chr8,547706,547707,55,454.44607843137254
169270,chr8,230245,230246,93,120.17539215686274
169270,chr8,230246,230247,100,120.17539215686274
169270,chr8,230272,230273,62,120.17539215686274
169270,chr8,230273,230274,38,120.17539215686274
169270,chr8,230298,230299,92,120.17539215686274
169270,chr8,230299,230300,100,120.17539215686274
169270,chr8,230322,230323,100,120.17539215686274
169270,chr8,230323,230324,100,120.17539215686274
169270,chr8,230369,230370,85,120.17539215686274
169270,chr8,230370,230371,96,120.17539215686274
169270,chr8,230395,230396,83,120.17539215686274
169270,chr8,230396,230397,100,120.17539215686274
169270,chr8,230413,230414,83,120.17539215686274
169270,chr8,230414,230415,70,120.17539215686274
169270,chr8,230564,230565,57,120.17539215686274
169270,chr8,230565,230566,27,120.17539215686274
169270,chr8,230646,230647,94,120.17539215686274
169270,chr8,230647,230648,79,120.17539215686274
169270,chr8,230650,230651,100,120.17539215686274
169270,chr8,230651,230652,100,120.17539215686274
169270,chr8,230653,230654,88,120.17539215686274
169270,chr8,230654,230655,84,120.17539215686274
169270,chr8,230692,230693,83,120.17539215686274
169270,chr8,230693,230694,100,120.17539215686274
169270,chr8,230784,230785,100,120.17539215686274
169270,chr8,230785,230786,100,120.17539215686274
169270,chr8,230798,230799,93,120.17539215686274
169270,chr8,230799,230800,100,120.17539215686274
169270,chr8,230865,230866,90,120.17539215686274
169270,chr8,230866,230867,100,120.17539215686274
169270,chr8,230875,230876,89,120.17539215686274
169270,chr8,230876,230877,100,120.17539215686274
169270,chr8,230968,230969,95,120.17539215686274
169270,chr8,230969,230970,85,120.17539215686274
169270,chr8,231158,231159,81,120.17539215686274
169270,chr8,231159,231160,100,120.17539215686274
169270,chr8,231180,231181,84,120.17539215686274
169270,chr8,231181,231182,83,120.17539215686274
169270,chr8,231466,231467,30,120.17539215686274
169270,chr8,231467,231468,19,120.17539215686274
169270,chr8,231473,231474,52,120.17539215686274
169270,chr8,231474,231475,50,120.17539215686274
169270,chr8,231605,231606,42,120.17539215686274
169270,chr8,231606,231607,21,120.17539215686274
169270,chr8,231623,231624,2,120.17539215686274
169270,chr8,231624,231625,0,120.17539215686274
169270,chr8,231661,231662,4,120.17539215686274
169270,chr8,231662,231663,0,120.17539215686274
169270,chr8,231732,231733,0,120.17539215686274
169270,chr8,231733,231734,9,120.17539215686274
169270,chr8,231758,231759,0,120.17539215686274
169270,chr8,231759,231760,0,120.17539215686274
169270,chr8,231776,231777,0,120.17539215686274
169270,chr8,231777,231778,0,120.17539215686274
169270,chr8,231800,231801,0,120.17539215686274
169270,chr8,231801,231802,0,120.17539215686274
169270,chr8,231838,231839,0,120.17539215686274
169270,chr8,231839,231840,0,120.17539215686274
169270,chr8,231840,231841,0,120.17539215686274
169270,chr8,231841,231842,0,120.17539215686274
169270,chr8,231842,231843,0,120.17539215686274
169270,chr8,231843,231844,0,120.17539215686274
169270,chr8,231854,231855,0,120.17539215686274
169270,chr8,231855,231856,0,120.17539215686274
169270,chr8,231857,231858,0,120.17539215686274
169270,chr8,231858,231859,0,120.17539215686274
169270,chr8,231859,231860,0,120.17539215686274
169270,chr8,231860,231861,0,120.17539215686274
169270,chr8,231871,231872,0,120.17539215686274
169270,chr8,231872,231873,0,120.17539215686274
169270,chr8,231879,231880,0,120.17539215686274
169270,chr8,231880,231881,0,120.17539215686274
169270,chr8,231883,231884,0,120.17539215686274
169270,chr8,231884,231885,0,120.17539215686274
169270,chr8,231889,231890,0,120.17539215686274
169270,chr8,231890,231891,0,120.17539215686274
169270,chr8,231910,231911,0,120.17539215686274
169270,chr8,231911,231912,0,120.17539215686274
169270,chr8,231922,231923,0,120.17539215686274
169270,chr8,231923,231924,0,120.17539215686274
169270,chr8,231933,231934,0,120.17539215686274
169270,chr8,231934,231935,0,120.17539215686274
169270,chr8,231936,231937,0,120.17539215686274
169270,chr8,231937,231938,0,120.17539215686274
169270,chr8,231938,231939,0,120.17539215686274
169270,chr8,231939,231940,0,120.17539215686274
169270,chr8,231942,231943,0,120.17539215686274
169270,chr8,231943,231944,0,120.17539215686274
169270,chr8,231944,231945,0,120.17539215686274
169270,chr8,231945,231946,0,120.17539215686274
169270,chr8,231951,231952,0,120.17539215686274
169270,chr8,231952,231953,0,120.17539215686274
169270,chr8,231955,231956,0,120.17539215686274
169270,chr8,231956,231957,0,120.17539215686274
169270,chr8,231957,231958,0,120.17539215686274
169270,chr8,231958,231959,0,120.17539215686274
169270,chr8,231959,231960,0,120.17539215686274
169270,chr8,231960,231961,0,120.17539215686274
169270,chr8,231964,231965,0,120.17539215686274
169270,chr8,231965,231966,0,120.17539215686274
169270,chr8,231967,231968,0,120.17539215686274
169270,chr8,231968,231969,0,120.17539215686274
169270,chr8,231977,231978,0,120.17539215686274
169270,chr8,231978,231979,0,120.17539215686274
169270,chr8,231999,232000,0,120.17539215686274
169270,chr8,232000,232001,0,120.17539215686274
169270,chr8,232006,232007,0,120.17539215686274
169270,chr8,232007,232008,0,120.17539215686274
169270,chr8,232012,232013,0,120.17539215686274
169270,chr8,232013,232014,0,120.17539215686274
169270,chr8,232014,232015,0,120.17539215686274
169270,chr8,232015,232016,0,120.17539215686274
169270,chr8,232028,232029,0,120.17539215686274
169270,chr8,232029,232030,0,120.17539215686274
169270,chr8,232035,232036,0,120.17539215686274
169270,chr8,232036,232037,0,120.17539215686274
169270,chr8,232041,232042,0,120.17539215686274
169270,chr8,232042,232043,0,120.17539215686274
169270,chr8,232053,232054,0,120.17539215686274
169270,chr8,232054,232055,0,120.17539215686274
169270,chr8,232059,232060,0,120.17539215686274
169270,chr8,232060,232061,0,120.17539215686274
169270,chr8,232061,232062,0,120.17539215686274
169270,chr8,232062,232063,0,120.17539215686274
169270,chr8,232067,232068,0,120.17539215686274
169270,chr8,232068,232069,0,120.17539215686274
169270,chr8,232070,232071,0,120.17539215686274
169270,chr8,232071,232072,0,120.17539215686274
169270,chr8,232072,232073,0,120.17539215686274
169270,chr8,232073,232074,0,120.17539215686274
169270,chr8,232074,232075,0,120.17539215686274
169270,chr8,232075,232076,0,120.17539215686274
169270,chr8,232077,232078,0,120.17539215686274
169270,chr8,232078,232079,0,120.17539215686274
169270,chr8,232082,232083,0,120.17539215686274
169270,chr8,232083,232084,0,120.17539215686274
169270,chr8,232094,232095,0,120.17539215686274
169270,chr8,232095,232096,0,120.17539215686274
169270,chr8,232100,232101,0,120.17539215686274
169270,chr8,232101,232102,0,120.17539215686274
169270,chr8,232116,232117,0,120.17539215686274
169270,chr8,232117,232118,0,120.17539215686274
169270,chr8,232118,232119,0,120.17539215686274
169270,chr8,232119,232120,0,120.17539215686274
169270,chr8,232153,232154,0,120.17539215686274
169270,chr8,232154,232155,0,120.17539215686274
169270,chr8,232155,232156,0,120.17539215686274
169270,chr8,232156,232157,0,120.17539215686274
169270,chr8,232163,232164,0,120.17539215686274
169270,chr8,232164,232165,0,120.17539215686274
169270,chr8,232171,232172,0,120.17539215686274
169270,chr8,232172,232173,0,120.17539215686274
169270,chr8,232175,232176,0,120.17539215686274
169270,chr8,232176,232177,0,120.17539215686274
169270,chr8,232192,232193,0,120.17539215686274
169270,chr8,232193,232194,0,120.17539215686274
169270,chr8,232195,232196,0,120.17539215686274
169270,chr8,232196,232197,0,120.17539215686274
169270,chr8,232203,232204,0,120.17539215686274
169270,chr8,232204,232205,0,120.17539215686274
169270,chr8,232205,232206,0,120.17539215686274
169270,chr8,232206,232207,0,120.17539215686274
169270,chr8,232215,232216,0,120.17539215686274
169270,chr8,232216,232217,0,120.17539215686274
169270,chr8,232218,232219,0,120.17539215686274
169270,chr8,232219,232220,0,120.17539215686274
169270,chr8,232242,232243,0,120.17539215686274
169270,chr8,232243,232244,0,120.17539215686274
169270,chr8,232244,232245,0,120.17539215686274
169270,chr8,232245,232246,0,120.17539215686274
169270,chr8,232246,232247,0,120.17539215686274
169270,chr8,232247,232248,0,120.17539215686274
169270,chr8,232251,232252,0,120.17539215686274
169270,chr8,232252,232253,0,120.17539215686274
169270,chr8,232257,232258,0,120.17539215686274
169270,chr8,232258,232259,0,120.17539215686274
169270,chr8,232265,232266,0,120.17539215686274
169270,chr8,232266,232267,0,120.17539215686274
169270,chr8,232277,232278,0,120.17539215686274
169270,chr8,232278,232279,0,120.17539215686274
169270,chr8,232287,232288,0,120.17539215686274
169270,chr8,232288,232289,0,120.17539215686274
169270,chr8,232295,232296,0,120.17539215686274
169270,chr8,232296,232297,0,120.17539215686274
169270,chr8,232300,232301,0,120.17539215686274
169270,chr8,232301,232302,0,120.17539215686274
169270,chr8,232305,232306,0,120.17539215686274
169270,chr8,232306,232307,0,120.17539215686274
169270,chr8,232311,232312,0,120.17539215686274
169270,chr8,232312,232313,0,120.17539215686274
169270,chr8,232340,232341,0,120.17539215686274
169270,chr8,232341,232342,0,120.17539215686274
169270,chr8,232344,232345,0,120.17539215686274
169270,chr8,232345,232346,0,120.17539215686274
169270,chr8,232351,232352,0,120.17539215686274
169270,chr8,232352,232353,0,120.17539215686274
169270,chr8,232358,232359,0,120.17539215686274
169270,chr8,232359,232360,0,120.17539215686274
169270,chr8,232360,232361,0,120.17539215686274
169270,chr8,232361,232362,0,120.17539215686274
169270,chr8,232362,232363,0,120.17539215686274
169270,chr8,232363,232364,0,120.17539215686274
169270,chr8,232365,232366,0,120.17539215686274
169270,chr8,232366,232367,0,120.17539215686274
169270,chr8,232380,232381,0,120.17539215686274
169270,chr8,232381,232382,0,120.17539215686274
169270,chr8,232386,232387,50,120.17539215686274
169270,chr8,232387,232388,0,120.17539215686274
169270,chr8,232395,232396,0,120.17539215686274
169270,chr8,232396,232397,0,120.17539215686274
169270,chr8,232401,232402,0,120.17539215686274
169270,chr8,232402,232403,0,120.17539215686274
169270,chr8,232408,232409,0,120.17539215686274
169270,chr8,232409,232410,0,120.17539215686274
169270,chr8,232412,232413,0,120.17539215686274
169270,chr8,232413,232414,0,120.17539215686274
169270,chr8,232427,232428,0,120.17539215686274
169270,chr8,232428,232429,0,120.17539215686274
169270,chr8,232452,232453,0,120.17539215686274
169270,chr8,232453,232454,0,120.17539215686274
169270,chr8,232468,232469,0,120.17539215686274
169270,chr8,232469,232470,17,120.17539215686274
169270,chr8,232471,232472,0,120.17539215686274
169270,chr8,232472,232473,0,120.17539215686274
169270,chr8,232484,232485,0,120.17539215686274
169270,chr8,232485,232486,0,120.17539215686274
169270,chr8,232501,232502,0,120.17539215686274
169270,chr8,232502,232503,0,120.17539215686274
169270,chr8,232503,232504,0,120.17539215686274
169270,chr8,232504,232505,0,120.17539215686274
169270,chr8,232518,232519,0,120.17539215686274
169270,chr8,232519,232520,0,120.17539215686274
169270,chr8,232525,232526,0,120.17539215686274
169270,chr8,232526,232527,0,120.17539215686274
169270,chr8,232536,232537,0,120.17539215686274
26260,chr8,404506,404507,0,958.564705882353
26260,chr8,404507,404508,0,958.564705882353
26260,chr8,404519,404520,0,958.564705882353
26260,chr8,404520,404521,0,958.564705882353
26260,chr8,404576,404577,83,958.564705882353
26260,chr8,404577,404578,35,958.564705882353
26260,chr8,404618,404619,0,958.564705882353
26260,chr8,404619,404620,0,958.564705882353
26260,chr8,404759,404760,100,958.564705882353
26260,chr8,404760,404761,84,958.564705882353
26260,chr8,404799,404800,17,958.564705882353
26260,chr8,404800,404801,71,958.564705882353
26260,chr8,405301,405302,100,958.564705882353
26260,chr8,405302,405303,67,958.564705882353
26260,chr8,405499,405500,100,958.564705882353
26260,chr8,405500,405501,100,958.564705882353
26260,chr8,405502,405503,100,958.564705882353
26260,chr8,405503,405504,100,958.564705882353
26260,chr8,405579,405580,17,958.564705882353
26260,chr8,405580,405581,52,958.564705882353
26260,chr8,405585,405586,25,958.564705882353
26260,chr8,405586,405587,46,958.564705882353
26260,chr8,405665,405666,97,958.564705882353
26260,chr8,405666,405667,91,958.564705882353
26260,chr8,405710,405711,96,958.564705882353
26260,chr8,405711,405712,100,958.564705882353
26260,chr8,405821,405822,92,958.564705882353
26260,chr8,405822,405823,100,958.564705882353
26260,chr8,405878,405879,97,958.564705882353
26260,chr8,405879,405880,0,958.564705882353
26260,chr8,406161,406162,0,958.564705882353
26260,chr8,406162,406163,0,958.564705882353
26260,chr8,406195,406196,0,958.564705882353
26260,chr8,406196,406197,0,958.564705882353
26260,chr8,406202,406203,0,958.564705882353
26260,chr8,406203,406204,0,958.564705882353
26260,chr8,406223,406224,0,958.564705882353
26260,chr8,406224,406225,0,958.564705882353
26260,chr8,406237,406238,0,958.564705882353
26260,chr8,406238,406239,0,958.564705882353
26260,chr8,406246,406247,0,958.564705882353
26260,chr8,406247,406248,0,958.564705882353
26260,chr8,406272,406273,0,958.564705882353
26260,chr8,406273,406274,0,958.564705882353
26260,chr8,406295,406296,0,958.564705882353
26260,chr8,406296,406297,5,958.564705882353
26260,chr8,406335,406336,0,958.564705882353
26260,chr8,406336,406337,0,958.564705882353
26260,chr8,406374,406375,0,958.564705882353
26260,chr8,406375,406376,0,958.564705882353
26260,chr8,406384,406385,0,958.564705882353
26260,chr8,406385,406386,0,958.564705882353
26260,chr8,406405,406406,0,958.564705882353
26260,chr8,406406,406407,0,958.564705882353
26260,chr8,406417,406418,0,958.564705882353
26260,chr8,406418,406419,0,958.564705882353
26260,chr8,406434,406435,0,958.564705882353
26260,chr8,406435,406436,9,958.564705882353
26260,chr8,406436,406437,0,958.564705882353
26260,chr8,406437,406438,0,958.564705882353
26260,chr8,406465,406466,0,958.564705882353
26260,chr8,406466,406467,0,958.564705882353
26260,chr8,406474,406475,0,958.564705882353
26260,chr8,406475,406476,0,958.564705882353
26260,chr8,406481,406482,0,958.564705882353
26260,chr8,406482,406483,0,958.564705882353
26260,chr8,406493,406494,0,958.564705882353
26260,chr8,406494,406495,0,958.564705882353
26260,chr8,406497,406498,0,958.564705882353
26260,chr8,406498,406499,0,958.564705882353
26260,chr8,406512,406513,0,958.564705882353
26260,chr8,406513,406514,0,958.564705882353
26260,chr8,406515,406516,0,958.564705882353
26260,chr8,406516,406517,0,958.564705882353
26260,chr8,406518,406519,0,958.564705882353
26260,chr8,406519,406520,0,958.564705882353
26260,chr8,406545,406546,0,958.564705882353
26260,chr8,406546,406547,0,958.564705882353
26260,chr8,406547,406548,0,958.564705882353
26260,chr8,406548,406549,0,958.564705882353
26260,chr8,406549,406550,0,958.564705882353
26260,chr8,406550,406551,0,958.564705882353
26260,chr8,406552,406553,0,958.564705882353
26260,chr8,406553,406554,0,958.564705882353
26260,chr8,406554,406555,0,958.564705882353
26260,chr8,406555,406556,0,958.564705882353
26260,chr8,406560,406561,0,958.564705882353
26260,chr8,406561,406562,13,958.564705882353
26260,chr8,406576,406577,0,958.564705882353
26260,chr8,406577,406578,0,958.564705882353
26260,chr8,406578,406579,0,958.564705882353
26260,chr8,406579,406580,0,958.564705882353
26260,chr8,406580,406581,0,958.564705882353
26260,chr8,406581,406582,0,958.564705882353
26260,chr8,406593,406594,0,958.564705882353
26260,chr8,406594,406595,0,958.564705882353
26260,chr8,406612,406613,0,958.564705882353
26260,chr8,406613,406614,0,958.564705882353
26260,chr8,406619,406620,0,958.564705882353
26260,chr8,406620,406621,0,958.564705882353
26260,chr8,406627,406628,0,958.564705882353
26260,chr8,406628,406629,0,958.564705882353
26260,chr8,406637,406638,33,958.564705882353
26260,chr8,406638,406639,0,958.564705882353
26260,chr8,406642,406643,10,958.564705882353
26260,chr8,406643,406644,0,958.564705882353
26260,chr8,406645,406646,0,958.564705882353
26260,chr8,406646,406647,0,958.564705882353
26260,chr8,406648,406649,0,958.564705882353
26260,chr8,406649,406650,0,958.564705882353
26260,chr8,406655,406656,0,958.564705882353
26260,chr8,406656,406657,0,958.564705882353
26260,chr8,406658,406659,0,958.564705882353
26260,chr8,406659,406660,0,958.564705882353
26260,chr8,406660,406661,0,958.564705882353
26260,chr8,406661,406662,0,958.564705882353
26260,chr8,406686,406687,0,958.564705882353
26260,chr8,406687,406688,0,958.564705882353
26260,chr8,406699,406700,0,958.564705882353
26260,chr8,406700,406701,0,958.564705882353
26260,chr8,406703,406704,0,958.564705882353
26260,chr8,406704,406705,0,958.564705882353
26260,chr8,406725,406726,0,958.564705882353
26260,chr8,406726,406727,0,958.564705882353
26260,chr8,406727,406728,0,958.564705882353
26260,chr8,406728,406729,0,958.564705882353
26260,chr8,406731,406732,0,958.564705882353
26260,chr8,406732,406733,0,958.564705882353
26260,chr8,406739,406740,0,958.564705882353
26260,chr8,406740,406741,0,958.564705882353
26260,chr8,406745,406746,0,958.564705882353
26260,chr8,406746,406747,0,958.564705882353
26260,chr8,406759,406760,0,958.564705882353
26260,chr8,406760,406761,0,958.564705882353
26260,chr8,406767,406768,0,958.564705882353
26260,chr8,406768,406769,0,958.564705882353
26260,chr8,406775,406776,0,958.564705882353
26260,chr8,406776,406777,0,958.564705882353
26260,chr8,406783,406784,0,958.564705882353
26260,chr8,406784,406785,0,958.564705882353
26260,chr8,406787,406788,0,958.564705882353
26260,chr8,406788,406789,0,958.564705882353
26260,chr8,406799,406800,9,958.564705882353
26260,chr8,406800,406801,0,958.564705882353
26260,chr8,406801,406802,0,958.564705882353
26260,chr8,406802,406803,0,958.564705882353
26260,chr8,406803,406804,0,958.564705882353
26260,chr8,406804,406805,0,958.564705882353
26260,chr8,406805,406806,0,958.564705882353
26260,chr8,406806,406807,0,958.564705882353
26260,chr8,406809,406810,30,958.564705882353
26260,chr8,406810,406811,0,958.564705882353
441308,chr8,166708,166709,0,2.6737745098039216
441308,chr8,166709,166710,100,2.6737745098039216
441308,chr8,166729,166730,0,2.6737745098039216
441308,chr8,166730,166731,100,2.6737745098039216
441308,chr8,166758,166759,0,2.6737745098039216
441308,chr8,166759,166760,100,2.6737745098039216
441308,chr8,167504,167505,0,2.6737745098039216
441308,chr8,167505,167506,0,2.6737745098039216
441308,chr8,167563,167564,0,2.6737745098039216
441308,chr8,167564,167565,0,2.6737745098039216
441308,chr8,167698,167699,0,2.6737745098039216
441308,chr8,167699,167700,0,2.6737745098039216
441308,chr8,168576,168577,0,2.6737745098039216
441308,chr8,168577,168578,0,2.6737745098039216
441308,chr8,168778,168779,0,2.6737745098039216
441308,chr8,168779,168780,0,2.6737745098039216
693181,chr8,1815263,1815264,100,0.00980392156862745
693181,chr8,1815264,1815265,100,0.00980392156862745
693181,chr8,1815272,1815273,100,0.00980392156862745
693181,chr8,1815273,1815274,100,0.00980392156862745
693181,chr8,1815380,1815381,100,0.00980392156862745
693181,chr8,1815381,1815382,100,0.00980392156862745
693181,chr8,1815425,1815426,81,0.00980392156862745
693181,chr8,1815426,1815427,100,0.00980392156862745
693181,chr8,1815446,1815447,100,0.00980392156862745
693181,chr8,1815447,1815448,100,0.00980392156862745
693181,chr8,1815451,1815452,100,0.00980392156862745
693181,chr8,1815452,1815453,100,0.00980392156862745
693181,chr8,1815453,1815454,100,0.00980392156862745
693181,chr8,1815454,1815455,100,0.00980392156862745
693181,chr8,1815485,1815486,100,0.00980392156862745
693181,chr8,1815486,1815487,100,0.00980392156862745
693181,chr8,1815493,1815494,100,0.00980392156862745
693181,chr8,1815494,1815495,50,0.00980392156862745
693181,chr8,1815495,1815496,100,0.00980392156862745
693181,chr8,1815496,1815497,100,0.00980392156862745
693181,chr8,1815551,1815552,100,0.00980392156862745
693181,chr8,1815552,1815553,90,0.00980392156862745
693181,chr8,1815590,1815591,100,0.00980392156862745
693181,chr8,1815591,1815592,100,0.00980392156862745
693181,chr8,1815721,1815722,90,0.00980392156862745
693181,chr8,1815722,1815723,100,0.00980392156862745
693181,chr8,1815745,1815746,73,0.00980392156862745
693181,chr8,1815746,1815747,0,0.00980392156862745
693181,chr8,1815769,1815770,100,0.00980392156862745
693181,chr8,1815770,1815771,100,0.00980392156862745
693181,chr8,1815772,1815773,100,0.00980392156862745
693181,chr8,1815773,1815774,100,0.00980392156862745
693181,chr8,1816053,1816054,91,0.00980392156862745
693181,chr8,1816054,1816055,50,0.00980392156862745
693181,chr8,1816073,1816074,100,0.00980392156862745
693181,chr8,1816074,1816075,100,0.00980392156862745
693181,chr8,1816107,1816108,95,0.00980392156862745
693181,chr8,1816108,1816109,100,0.00980392156862745
693181,chr8,1816137,1816138,100,0.00980392156862745
693181,chr8,1816138,1816139,100,0.00980392156862745
693181,chr8,1816159,1816160,100,0.00980392156862745
693181,chr8,1816160,1816161,100,0.00980392156862745
693181,chr8,1816162,1816163,95,0.00980392156862745
693181,chr8,1816163,1816164,100,0.00980392156862745
693181,chr8,1816170,1816171,84,0.00980392156862745
693181,chr8,1816171,1816172,95,0.00980392156862745
693181,chr8,1816185,1816186,100,0.00980392156862745
693181,chr8,1816186,1816187,100,0.00980392156862745
693181,chr8,1816198,1816199,31,0.00980392156862745
693181,chr8,1816199,1816200,29,0.00980392156862745
693181,chr8,1816208,1816209,100,0.00980392156862745
693181,chr8,1816209,1816210,100,0.00980392156862745
693181,chr8,1816216,1816217,40,0.00980392156862745
693181,chr8,1816217,1816218,25,0.00980392156862745
693181,chr8,1816221,1816222,44,0.00980392156862745
693181,chr8,1816222,1816223,64,0.00980392156862745
693181,chr8,1816231,1816232,57,0.00980392156862745
693181,chr8,1816232,1816233,54,0.00980392156862745
693181,chr8,1816239,1816240,71,0.00980392156862745
693181,chr8,1816240,1816241,42,0.00980392156862745
693181,chr8,1816244,1816245,86,0.00980392156862745
693181,chr8,1816245,1816246,100,0.00980392156862745
693181,chr8,1816254,1816255,80,0.00980392156862745
693181,chr8,1816255,1816256,100,0.00980392156862745
693181,chr8,1816277,1816278,67,0.00980392156862745
693181,chr8,1816278,1816279,100,0.00980392156862745
693181,chr8,1816285,1816286,50,0.00980392156862745
693181,chr8,1816286,1816287,100,0.00980392156862745
693181,chr8,1816300,1816301,0,0.00980392156862745
693181,chr8,1816301,1816302,100,0.00980392156862745
693181,chr8,1816323,1816324,80,0.00980392156862745
693181,chr8,1816324,1816325,100,0.00980392156862745
693181,chr8,1816331,1816332,50,0.00980392156862745
693181,chr8,1816332,1816333,100,0.00980392156862745
693181,chr8,1816346,1816347,75,0.00980392156862745
693181,chr8,1816347,1816348,100,0.00980392156862745
693181,chr8,1816354,1816355,67,0.00980392156862745
693181,chr8,1816355,1816356,100,0.00980392156862745
693181,chr8,1816369,1816370,50,0.00980392156862745
693181,chr8,1816370,1816371,0,0.00980392156862745
693181,chr8,1816392,1816393,40,0.00980392156862745
693181,chr8,1816393,1816394,0,0.00980392156862745
693181,chr8,1816400,1816401,50,0.00980392156862745
693181,chr8,1816401,1816402,0,0.00980392156862745
693181,chr8,1816415,1816416,50,0.00980392156862745
693181,chr8,1816416,1816417,0,0.00980392156862745
693181,chr8,1816438,1816439,75,0.00980392156862745
693181,chr8,1816439,1816440,0,0.00980392156862745
693181,chr8,1816446,1816447,50,0.00980392156862745
693181,chr8,1816447,1816448,0,0.00980392156862745
693181,chr8,1816451,1816452,20,0.00980392156862745
693181,chr8,1816452,1816453,0,0.00980392156862745
693181,chr8,1816469,1816470,67,0.00980392156862745
693181,chr8,1816470,1816471,0,0.00980392156862745
693181,chr8,1816484,1816485,100,0.00980392156862745
693181,chr8,1816485,1816486,100,0.00980392156862745
693181,chr8,1816492,1816493,100,0.00980392156862745
693181,chr8,1816493,1816494,100,0.00980392156862745
693181,chr8,1816497,1816498,100,0.00980392156862745
693181,chr8,1816498,1816499,0,0.00980392156862745
693181,chr8,1816507,1816508,100,0.00980392156862745
693181,chr8,1816508,1816509,100,0.00980392156862745
693181,chr8,1816515,1816516,100,0.00980392156862745
693181,chr8,1816516,1816517,0,0.00980392156862745
693181,chr8,1816520,1816521,100,0.00980392156862745
693181,chr8,1816521,1816522,0,0.00980392156862745
693181,chr8,1816529,1816530,100,0.00980392156862745
693181,chr8,1816530,1816531,100,0.00980392156862745
693181,chr8,1816537,1816538,100,0.00980392156862745
693181,chr8,1816538,1816539,100,0.00980392156862745
693181,chr8,1816552,1816553,67,0.00980392156862745
693181,chr8,1816553,1816554,100,0.00980392156862745
693181,chr8,1816560,1816561,75,0.00980392156862745
693181,chr8,1816561,1816562,100,0.00980392156862745
693181,chr8,1816565,1816566,75,0.00980392156862745
693181,chr8,1816566,1816567,100,0.00980392156862745
693181,chr8,1816575,1816576,100,0.00980392156862745
693181,chr8,1816576,1816577,67,0.00980392156862745
693181,chr8,1816583,1816584,50,0.00980392156862745
693181,chr8,1816584,1816585,100,0.00980392156862745
693181,chr8,1816588,1816589,0,0.00980392156862745
693181,chr8,1816589,1816590,33,0.00980392156862745
693181,chr8,1816598,1816599,50,0.00980392156862745
693181,chr8,1816599,1816600,67,0.00980392156862745
693181,chr8,1816606,1816607,29,0.00980392156862745
693181,chr8,1816607,1816608,75,0.00980392156862745
693181,chr8,1816611,1816612,57,0.00980392156862745
693181,chr8,1816612,1816613,50,0.00980392156862745
693181,chr8,1816621,1816622,29,0.00980392156862745
693181,chr8,1816622,1816623,75,0.00980392156862745
693181,chr8,1816629,1816630,29,0.00980392156862745
693181,chr8,1816630,1816631,0,0.00980392156862745
693181,chr8,1816644,1816645,100,0.00980392156862745
693181,chr8,1816645,1816646,100,0.00980392156862745
693181,chr8,1816652,1816653,57,0.00980392156862745
693181,chr8,1816653,1816654,67,0.00980392156862745
693181,chr8,1816657,1816658,86,0.00980392156862745
693181,chr8,1816658,1816659,100,0.00980392156862745
693181,chr8,1816667,1816668,100,0.00980392156862745
693181,chr8,1816668,1816669,100,0.00980392156862745
693181,chr8,1816671,1816672,71,0.00980392156862745
693181,chr8,1816672,1816673,50,0.00980392156862745
693181,chr8,1816683,1816684,100,0.00980392156862745
693181,chr8,1816684,1816685,75,0.00980392156862745
693181,chr8,1816711,1816712,100,0.00980392156862745
693181,chr8,1816712,1816713,100,0.00980392156862745
693181,chr8,1816743,1816744,80,0.00980392156862745
693181,chr8,1816744,1816745,100,0.00980392156862745
693181,chr8,1816768,1816769,100,0.00980392156862745
693181,chr8,1816769,1816770,100,0.00980392156862745
693181,chr8,1816776,1816777,100,0.00980392156862745
693181,chr8,1816777,1816778,67,0.00980392156862745
693181,chr8,1816789,1816790,50,0.00980392156862745
693181,chr8,1816790,1816791,100,0.00980392156862745
693181,chr8,1816814,1816815,50,0.00980392156862745
693181,chr8,1816815,1816816,100,0.00980392156862745
693181,chr8,1816825,1816826,0,0.00980392156862745
693181,chr8,1816826,1816827,0,0.00980392156862745
693181,chr8,1816835,1816836,100,0.00980392156862745
693181,chr8,1816836,1816837,0,0.00980392156862745
693181,chr8,1816843,1816844,0,0.00980392156862745
693181,chr8,1816844,1816845,0,0.00980392156862745
693181,chr8,1816849,1816850,100,0.00980392156862745
693181,chr8,1816850,1816851,100,0.00980392156862745
693181,chr8,1816855,1816856,0,0.00980392156862745
693181,chr8,1816856,1816857,0,0.00980392156862745
693181,chr8,1816857,1816858,0,0.00980392156862745
693181,chr8,1816858,1816859,0,0.00980392156862745
693181,chr8,1816872,1816873,100,0.00980392156862745
693181,chr8,1816873,1816874,100,0.00980392156862745
693181,chr8,1816879,1816880,100,0.00980392156862745
693181,chr8,1816880,1816881,100,0.00980392156862745
693181,chr8,1816899,1816900,100,0.00980392156862745
693181,chr8,1816900,1816901,100,0.00980392156862745
693181,chr8,1816904,1816905,100,0.00980392156862745
693181,chr8,1816905,1816906,100,0.00980392156862745
693181,chr8,1816907,1816908,100,0.00980392156862745
693181,chr8,1816908,1816909,100,0.00980392156862745
693181,chr8,1816913,1816914,100,0.00980392156862745
693181,chr8,1816914,1816915,100,0.00980392156862745
693181,chr8,1816923,1816924,100,0.00980392156862745
693181,chr8,1816924,1816925,100,0.00980392156862745
693181,chr8,1816937,1816938,100,0.00980392156862745
693181,chr8,1816938,1816939,100,0.00980392156862745
693181,chr8,1816977,1816978,100,0.00980392156862745
693181,chr8,1816978,1816979,100,0.00980392156862745
693181,chr8,1816981,1816982,100,0.00980392156862745
693181,chr8,1816982,1816983,100,0.00980392156862745
693181,chr8,1816994,1816995,100,0.00980392156862745
693181,chr8,1816995,1816996,100,0.00980392156862745
693181,chr8,1817003,1817004,100,0.00980392156862745
693181,chr8,1817004,1817005,100,0.00980392156862745
693181,chr8,1817026,1817027,100,0.00980392156862745
693181,chr8,1817027,1817028,100,0.00980392156862745
693181,chr8,1817050,1817051,100,0.00980392156862745
693181,chr8,1817051,1817052,86,0.00980392156862745
693181,chr8,1817101,1817102,100,0.00980392156862745
693181,chr8,1817102,1817103,100,0.00980392156862745
693181,chr8,1817108,1817109,64,0.00980392156862745
693181,chr8,1817109,1817110,100,0.00980392156862745
693181,chr8,1817129,1817130,85,0.00980392156862745
693181,chr8,1817130,1817131,100,0.00980392156862745
693181,chr8,1817142,1817143,50,0.00980392156862745
693181,chr8,1817143,1817144,100,0.00980392156862745
693181,chr8,1817145,1817146,80,0.00980392156862745
693181,chr8,1817146,1817147,100,0.00980392156862745
693181,chr8,1817152,1817153,80,0.00980392156862745
693181,chr8,1817153,1817154,100,0.00980392156862745
693181,chr8,1817154,1817155,45,0.00980392156862745
693181,chr8,1817155,1817156,40,0.00980392156862745
693181,chr8,1817163,1817164,58,0.00980392156862745
693181,chr8,1817164,1817165,100,0.00980392156862745
693181,chr8,1817169,1817170,67,0.00980392156862745
693181,chr8,1817170,1817171,60,0.00980392156862745
693181,chr8,1817191,1817192,86,0.00980392156862745
693181,chr8,1817192,1817193,50,0.00980392156862745
693181,chr8,1817208,1817209,60,0.00980392156862745
693181,chr8,1817209,1817210,86,0.00980392156862745
693181,chr8,1817211,1817212,100,0.00980392156862745
693181,chr8,1817212,1817213,100,0.00980392156862745
693181,chr8,1817220,1817221,67,0.00980392156862745
693181,chr8,1817221,1817222,23,0.00980392156862745
693181,chr8,1817228,1817229,100,0.00980392156862745
693181,chr8,1817229,1817230,100,0.00980392156862745
693181,chr8,1817234,1817235,95,0.00980392156862745
693181,chr8,1817235,1817236,100,0.00980392156862745
693181,chr8,1817243,1817244,73,0.00980392156862745
693181,chr8,1817244,1817245,100,0.00980392156862745
693181,chr8,1817254,1817255,100,0.00980392156862745
693181,chr8,1817255,1817256,100,0.00980392156862745
693181,chr8,1817262,1817263,95,0.00980392156862745
693181,chr8,1817263,1817264,100,0.00980392156862745
693181,chr8,1817277,1817278,89,0.00980392156862745
693181,chr8,1817278,1817279,90,0.00980392156862745
693181,chr8,1817298,1817299,91,0.00980392156862745
693181,chr8,1817299,1817300,100,0.00980392156862745
693181,chr8,1817305,1817306,96,0.00980392156862745
693181,chr8,1817306,1817307,100,0.00980392156862745
693181,chr8,1817310,1817311,100,0.00980392156862745
693181,chr8,1817311,1817312,100,0.00980392156862745
693181,chr8,1817390,1817391,96,0.00980392156862745
693181,chr8,1817391,1817392,88,0.00980392156862745
693181,chr8,1817444,1817445,100,0.00980392156862745
693181,chr8,1817445,1817446,94,0.00980392156862745
693181,chr8,1817451,1817452,89,0.00980392156862745
693181,chr8,1817452,1817453,100,0.00980392156862745
693181,chr8,1817453,1817454,100,0.00980392156862745
693181,chr8,1817454,1817455,100,0.00980392156862745
693181,chr8,1817464,1817465,100,0.00980392156862745
693181,chr8,1817465,1817466,100,0.00980392156862745
693181,chr8,1817487,1817488,100,0.00980392156862745
693181,chr8,1817488,1817489,100,0.00980392156862745
693181,chr8,1817512,1817513,82,0.00980392156862745
693181,chr8,1817513,1817514,100,0.00980392156862745
693181,chr8,1817522,1817523,90,0.00980392156862745
693181,chr8,1817523,1817524,100,0.00980392156862745
693181,chr8,1817564,1817565,100,0.00980392156862745
693181,chr8,1817565,1817566,100,0.00980392156862745
693181,chr8,1817600,1817601,78,0.00980392156862745
693181,chr8,1817601,1817602,78,0.00980392156862745
693181,chr8,1817621,1817622,89,0.00980392156862745
693181,chr8,1817622,1817623,100,0.00980392156862745
